<?xml version="1.0" encoding="UTF-8"?><rss version="2.0"
	xmlns:content="http://purl.org/rss/1.0/modules/content/"
	xmlns:dc="http://purl.org/dc/elements/1.1/"
	xmlns:atom="http://www.w3.org/2005/Atom"
	xmlns:sy="http://purl.org/rss/1.0/modules/syndication/"
	
	>
<channel>
	<title>
	Comments on: মারুতি সুজুকি-র অস্থায়ী শ্রমিকদের মানেসর অভিযানঃ সংহতিতে কলকাতায় মিছিল	</title>
	<atom:link href="/%E0%A6%AE%E0%A6%BE%E0%A6%B0%E0%A7%81%E0%A6%A4%E0%A6%BF-%E0%A6%B8%E0%A7%81%E0%A6%9C%E0%A7%81%E0%A6%95%E0%A6%BF-%E0%A6%B0-%E0%A6%85%E0%A6%B8%E0%A7%8D%E0%A6%A5%E0%A6%BE%E0%A6%AF%E0%A6%BC%E0%A7%80/feed/" rel="self" type="application/rss+xml" />
	<link>/%e0%a6%ae%e0%a6%be%e0%a6%b0%e0%a7%81%e0%a6%a4%e0%a6%bf-%e0%a6%b8%e0%a7%81%e0%a6%9c%e0%a7%81%e0%a6%95%e0%a6%bf-%e0%a6%b0-%e0%a6%85%e0%a6%b8%e0%a7%8d%e0%a6%a5%e0%a6%be%e0%a6%af%e0%a6%bc%e0%a7%80/</link>
	<description>শ্রমিক-দের নিজস্য পত্রিকা</description>
	<lastBuildDate>Wed, 05 Mar 2025 04:55:47 +0000</lastBuildDate>
	<sy:updatePeriod>
	hourly	</sy:updatePeriod>
	<sy:updateFrequency>
	1	</sy:updateFrequency>
	<generator>https://wordpress.org/?v=6.7.2</generator>
</channel>
</rss>
