<?xml version="1.0" encoding="UTF-8"?><rss version="2.0"
	xmlns:content="http://purl.org/rss/1.0/modules/content/"
	xmlns:wfw="http://wellformedweb.org/CommentAPI/"
	xmlns:dc="http://purl.org/dc/elements/1.1/"
	xmlns:atom="http://www.w3.org/2005/Atom"
	xmlns:sy="http://purl.org/rss/1.0/modules/syndication/"
	xmlns:slash="http://purl.org/rss/1.0/modules/slash/"
	>

<channel>
	<title>কুশল দেবনাথ &#8211; শ্রমিক-শক্তি</title>
	<atom:link href="/author/%E0%A6%95%E0%A7%81%E0%A6%B6%E0%A6%B2-%E0%A6%A6%E0%A7%87%E0%A6%AC%E0%A6%A8%E0%A6%BE%E0%A6%A5/feed/" rel="self" type="application/rss+xml" />
	<link>/</link>
	<description>শ্রমিক-দের নিজস্য পত্রিকা</description>
	<lastBuildDate>Wed, 05 Mar 2025 04:15:06 +0000</lastBuildDate>
	<language>en-US</language>
	<sy:updatePeriod>
	hourly	</sy:updatePeriod>
	<sy:updateFrequency>
	1	</sy:updateFrequency>
	<generator>https://wordpress.org/?v=6.7.2</generator>
	<item>
		<title>মমতার শিল্প সম্মেলন &#8212; ধোঁকাবাজির নতুন রূপ</title>
		<link>/%e0%a6%ae%e0%a6%ae%e0%a6%a4%e0%a6%be%e0%a6%b0-%e0%a6%b6%e0%a6%bf%e0%a6%b2%e0%a7%8d%e0%a6%aa-%e0%a6%b8%e0%a6%ae%e0%a7%8d%e0%a6%ae%e0%a7%87%e0%a6%b2%e0%a6%a8-%e0%a6%a7%e0%a7%8b%e0%a6%81%e0%a6%95/</link>
		
		<dc:creator><![CDATA[কুশল দেবনাথ]]></dc:creator>
		<pubDate>Tue, 25 Feb 2025 02:53:00 +0000</pubDate>
				<category><![CDATA[Uncategorized]]></category>
		<guid isPermaLink="false">/?p=128</guid>

					<description><![CDATA[এক বছর তিন মাস আগে মমতা ব্যানার্জি বার্সেলোনা তে বিরাট টীম নিয়ে গিয়েছিলেন। কে ছিলো না সাথে!! সৌরভ গাঙ্গুলি,তিন প্রধান ক্লাবের কর্মকর্তা, মমতার নতুন ভক্ত বইমেলার দুই জুটি সুধাংশু দে, ত্রিদিব চট্টোপাধ্যায় প্রমুখ। সরকারী টাকা মানে জনগণের কষ্ট উপার্জিত আয়ের উপর করের টাকা অপচয়। তো সেই বার্সেলোনা থেকে ঘোষণা হলো সৌরভ গাঙ্গুলি টি এম টি [&#8230;]]]></description>
										<content:encoded><![CDATA[
<p>এক বছর তিন মাস আগে মমতা ব্যানার্জি বার্সেলোনা তে বিরাট টীম নিয়ে গিয়েছিলেন। কে ছিলো না সাথে!! সৌরভ গাঙ্গুলি,তিন প্রধান ক্লাবের কর্মকর্তা, মমতার নতুন ভক্ত বইমেলার দুই জুটি সুধাংশু দে, ত্রিদিব চট্টোপাধ্যায় প্রমুখ। সরকারী টাকা মানে জনগণের কষ্ট উপার্জিত আয়ের উপর করের টাকা অপচয়। তো সেই বার্সেলোনা থেকে ঘোষণা হলো সৌরভ গাঙ্গুলি টি এম টি ষ্টীলের পক্ষ থেকে শালবনীতে ৬০০ একর জমিতে ২৫০০ কোটি টাকা বিনিয়োগ করবে। ইস্পাত কারখানা হবে। প্রত্যক্ষভাবে ৬০০০ লোক চাকরি পাবে।অপ্রত্যক্ষ ভাবে আরও বহু।বলা হলো ৬ থেকে একবছরের মধ্যে কারখানা চালু হবে। ২০২৫ সালের শিল্প সম্মেলনে কি রিপোর্ট আমরা পেলাম। জমি নেই, একটা ইঁটও পড়েনি কারখানার জন্য।এবারের সম্মেলনে সৌরভ গাঙ্গুলি বললো ক্ষুদ্র শিল্পে বিনিয়োগ করবে‌। ইস্পাত শিল্প নিয়ে একটা কথাও বলেনি। এই হচ্ছে মমতার শিল্পায়ন নীতি। ফাটা কলসির আওয়াজ বেশী কার্যকারিতা কম।</p>



<p>২৩ শে সেপ্টেম্বর ২০২৩ শিল্প সম্মেলন নিয়ে মমতা বলেছিলেন, এত সফল কর্মসূচি খুব কম দেখেছি। এবার ২০২৫ এ বলেছেন ২০০র বেশী বিদেশি প্রতিনিধি, সব বড় শিল্পপতি এসেছে, এটা একটা অনন্য‌ কর্মসূচী। মমতা আরো বলেছে এই রাজত্বে ১২ লাখ কোটি র বেশী বিনিয়োগ হয়েছে। কিন্তু প্রশ্ন আসে কর্মসংস্থান কতো হয়েছে? বেশীরভাগ টাই সৌরভ গাঙ্গুলির মতো &#8220;বিনিয়োগ&#8221; নয়তো। ১২ লাখ কোটি টাকা বিনিয়োগ হলে প্রত্যক্ষ ও অপ্রত্যক্ষ ভাবে কয়েকলাখ কর্মসংস্থান হবে।&nbsp; মমতা সরকার তো কোন তথ্য এই বিষয়ে দেয়নি। পশ্চিম বঙ্গের শ্রম দপ্তর লেবার ইন ওয়েষ্ট বেঙ্গল প্রকাশ করতো।এখন সব‌ বন্ধ। আর এই সরকার কোনো তথ্য দেয়না। সব বন্ধ করে দিয়েছে। ফলে মমতার মুখের কথাই সব। কেউ প্রশ্ন করার সাহস পায়না।</p>



<p>তথ্য পরিসংখ্যানের পরেও একটি বিষয় হলো সাদা চোখে কর্মসংস্থান ঠিক কতটা।&nbsp; বিগত শতকের পাঁচ ও ছয়ের দশকে বিভিন্ন শিল্পাঞ্চল গড়ে ওঠে এই রাজ্যে। হাইড রোড-তারাতলা-গার্ডেনরিচ , উলুবেড়িয়া, ব্যারাকপুর ,আসানসোল- দুর্গাপুর &#8211; কল্যানী ইত্যাদি। যদি প্রচুর কর্মসংস্থান হয় তাহলে এ রাজ্য থেকে হাজার হাজার মানুষ কাজের জন্য বাইরে যাচ্ছে কেন? হাজার কারখানা বন্ধ। শিল্পাঞ্চল গুলো শুকিয়ে গেছে খোলেনি কোন বন্ধ কারখানা। শুধু শিল্পপতি দের এনে মিথ্যাচার করা। জিন্দলদের ইস্পাত কারখানা হয়েছে নাকি? আর শিল্পায়ন মানে কি কিছু বড় পুঁজিপতির বিনিয়োগ। শিল্পের মূল শক্তি শ্রমিকরা। সেই শ্রমিকদের কাজের অবস্থা কি? একটি উদাহরণ দিই। ধূলা গড়ে কিছু হোসিয়ারি,কটন কারখানা হয়েছে। ওখানে একটা বড়ো অংশ নারী শ্রমিক। ১২ ঘন্টা ভীষন পরিশ্রম করেও তাদের&nbsp; দৈনিক আয় ২৫০-৩০০টাকা। কোন সুরক্ষা নেই। এটা কি শিল্পায়ন! একজন শিল্পপতি বলেছে এই রাজ্যে ধর্মঘট নেই। তাই শ্রমদিবস নষ্ট হয়না। গত কয়েকবছরে কেন্দ্রীয় সরকারের তথ্য অনুযায়ী সবচেয়ে বেশী শিল্পায়ন হয়েছে তামিলনাড়ু তে। আর কেন্দ্রীয় শ্রমদপ্তরের পরিসংখ্যান অনুযায়ী সবচেয়ে বেশি ধর্মঘট হয়েছে তামিলনাড়ু তে। মন্তব্য নিষ্প্রয়োজন। সাত বছরের শিল্প বানিজ্য সম্মেলনে প্রতিবারই এসেছে মুকেশ আম্বানি। প্রতিবারই আসে। বক্তব্য রাখে। এবার বাংলার কাঁথাষ্টিচ,বালুচরি প্রতিটি ব্র্যান্ডের পণ্য কে রিলায়েন্স নামে বিক্রি করবে আম্বানি। কমদামে কিনে রিলায়েন্স ব্র্যান্ড মেরে প্রচুর মুনাফা করবে রিলায়েন্স। বাংলার কাপড়ের দোকানে বিক্রি কমবে। এরাজ্যের মানুষ কেও বেশী দামে কিনতে হবে।মুকেশের প্রচুর প্রশংসা তে বিগলিত মমতা ছাড়পত্র দিয়ে দিয়েছে।এই শিল্প সম্মেলন বড় পুঁজিপতি দের সমস্ত সুবিধা পাইয়ে দেবার সম্মেলন। সাধারণ শ্রমজীবী দের স্বার্থ বিরোধী এই সম্মেলন। শেষ করি অন্য একটা বিষয় দিয়ে। মুকেশ আম্বানি বক্তব্য রাখার সময় বলেছে মমতা ব্যানার্জি তাকে বলেছে উনি রোজ ৬৪০০০ ষ্টেপ‌ হাঁটেন। অবাক চোখে জিন্দাল বলে সপ্তাহে? মমতা উত্তর দেয় &#8212; না, দিনে।</p>



<p>দেখার বিষয় ঐ দুই একচেটিয়া শিল্পপতি কিভাবে এটা হজম করে।</p>
]]></content:encoded>
					
		
		
			</item>
		<item>
		<title>চারটি শ্রমকোড বাতিলের দাবি সোচ্চারে তুলতে হবে</title>
		<link>/%e0%a6%9a%e0%a6%be%e0%a6%b0%e0%a6%9f%e0%a6%bf-%e0%a6%b6%e0%a7%8d%e0%a6%b0%e0%a6%ae%e0%a6%95%e0%a7%8b%e0%a6%a1-%e0%a6%ac%e0%a6%be%e0%a6%a4%e0%a6%bf%e0%a6%b2%e0%a7%87%e0%a6%b0-%e0%a6%a6%e0%a6%be/</link>
		
		<dc:creator><![CDATA[কুশল দেবনাথ]]></dc:creator>
		<pubDate>Tue, 25 Feb 2025 02:45:00 +0000</pubDate>
				<category><![CDATA[Uncategorized]]></category>
		<guid isPermaLink="false">/?p=117</guid>

					<description><![CDATA[২৯টি শ্রম আইনকে চারটি লেবার কোডে পরিণত করে আইন তৈরী করেছে বিজেপি পরিচালিত এনডিএ সরকার।এই আইন লাগু করা যাচ্ছিল না তার কারণ বিধি(rules)তৈরি হয়নি বলে।কারণ বিধি তৈরী না হলে কোন আইনকে কার্যকরী করা যায়না।পশ্চিমবঙ্গ সহ দেশের তিনটি রাজ‍্য বাদ দিয়ে সব রাজ‍্যই ইতিমধ্যে বিধি তৈরী করেছে।এর ফলেই কেন্দ্রীয় শ্রম দপ্তর ঘোষনা করেছে আগামী ১লা এপ্রিল [&#8230;]]]></description>
										<content:encoded><![CDATA[
<p>২৯টি শ্রম আইনকে চারটি লেবার কোডে পরিণত করে আইন তৈরী করেছে বিজেপি পরিচালিত এনডিএ সরকার।এই আইন লাগু করা যাচ্ছিল না তার কারণ বিধি(rules)তৈরি হয়নি বলে।কারণ বিধি তৈরী না হলে কোন আইনকে কার্যকরী করা যায়না।পশ্চিমবঙ্গ সহ দেশের তিনটি রাজ&#x200d;্য বাদ দিয়ে সব রাজ&#x200d;্যই ইতিমধ্যে বিধি তৈরী করেছে।এর ফলেই কেন্দ্রীয় শ্রম দপ্তর ঘোষনা করেছে আগামী ১লা এপ্রিল ২০২৫ থেকে এদেশে শ্রমকোড লাগু করা হবে।প্রশ্ন হোলো পশ্চিমবঙ্গেও কি আইন লাগু হবে? হ&#x200d;্যা হবে,কারণ, শ্রম যেহেতু যুগ্ম তালিকাভুক্ত,তাই কেন্দ্রীয় সরকার নোটিফিকেশন করবে যে রাজ&#x200d;্যগুলি বিধি তৈরী করেনি,সেখানে কেন্দ্রীয় বিধি লাগু হবে।২০২০ সালে&nbsp; তিনটি কৃষি আইন ও চারটি শ্রমকোড লোক সভায় বিল আকারে পেশ করা হয়েছিল। কিন্তু দূর্বার কৃষক আন্দোলনের জেরে কেন্দ্রীয় সরকার তিনটি কৃষি আইন প্রত&#x200d;্যাহার করে নিতে বাধ&#x200d;্য হয়।শ্রমকোডের&nbsp; বিরুদ্ধে গোটা দেশে&nbsp; বিভিন্ন ধরনের ট্রেড ধইউনিয়ন প্রতিবাদ করেনি এমনটা নয়।কিন্তু সেই প্রতিবাদের ধার&nbsp; অনেক কম ছিল।শ্রমিক আন্দোলনের দূর্বলতার জন&#x200d;্যই আজ গোট দেশে শ্রমকোড লাগু হতে চলেছে।</p>



<p>প্রশ্ন আসে, বিভিন্ন সময় আমাদের দেশে যে শ্রম আইন এসেছিল, তার সাথে এই চারটি শ্রমকোডের পার্থক্যটা কি? এযাবৎ কালে যে ভিন্ন ভিন্ন ভাবে শ্রম আইন এসেছিল, তার প্রত&#x200d;্যেকটিরই আলাদা আলাদা উদ্দেশ্য ছিল কিন্তু এই শ্রমকোডে ভিন্ন ভিন্ন আইনকে একটা সূত্রে গেঁথে দিয়েছে।তাই প্রতিটা আইনের যে ভিন্ন ভিন্ন উদ্দেশ্য ছিল তা তুলে নেওয়া হয়েছে।একটু উদাহরণ দিয়ে বোঝানো যাক।১৯৭০সালে যখন কন্ট্রাক্ট লেবার (রেগুলেশন ও অ্যাবোলিশন)আইন আসে তার উদ্দেশ্য ছিল ঠিকা শ্রমিকদের কাজ নিয়মিত করা ও ঠিকা প্রথার অবসান ঘটানো।যদিও ঐ আইনে অ্যাবোলিশনের কোনো কথা লেখা হয়নি।তবু এই উদ্দেশ্যে তৈরি হয়েছিল। এবারে অক&#x200d;্যুপেশনাল সেফটি,হেল্থ এবং ওয়ার্কিং কনডিশন শ্রমকোড২০২০তে কন্ট্রাক্ট লেবারের বিষয়টা অন্তর্ভুক্ত করা হোলো।ফলে ঠিকা শ্রমিকদের ১৯৭০ সালের মূল আইনের তাৎপর্যই হারিয়ে গেল।আমরা দেখি এই কোডের বিষয়টির উদ্দেশ&#x200d;্যই লেখা আছে,পেশাগত নিরাপত্তা, স্বাস্থ্য ও কাজের অবস্থা নিয়ে এই কোড।সুতরাং দেখা যাচ্ছে, যে উদ্দেশ্য নিয়ে শ্রম আইন তৈরী হয়েছিল, তার মূল উদ্দেশই এই কোডে বাতিল করা হয়েছে।</p>



<p>এবার আরও একটা বিষয় আলোচনা করা দরকার।আমরা যদি চারটি শ্রমকোডকে খুঁটিয়ে পড়ি,দেখবো এই কোডগুলির উদ্দেশ্য হচ্ছে শ্রমিক শ্রেনীকে টুকরো টুকরো মানুষে পরিবর্তিত করা।পূঁজিবাদের শুরুর পর্যায়ে শ্রমিক ছিল ‘ক্লাস ইন ইটসেল্ফ’।কিন্তু ধারাবাহিক লড়াইয়ের মাধ্যমে শ্রমিকরা ‘ক্লাস ফর ইট সেল্ফ’ অবস্থানে পৌঁছয়।এই লেবার কোডে এমন অনেক বিষয় যুক্ত করা হয়েছে যেখানে শ্রমিকরা ‘শ্রেনী’ সত্বা থেকে ‘ব&#x200d;্যক্তি’ সত্বায় পরিবর্তিত হবে।অর্থাৎ পূঁজির হামলার বিরুদ্ধে ঐক&#x200d;্যবদ্ধভাবে শ্রমিকশ্রেনীর প্রতিরোধ গড়ে তুলতে পারবেনা।এছাড়াও এই শ্রমকোডের আরো একটি তাৎপর্য রয়েছে, তাহলো এমনভাবে এই এই কোড তৈরি করা হয়েছে যাতে বেশিরভাগ শ্রমিকই শ্রম আইনের আওতার বাইরে চলে যাবে।একটু উদাহরণ দিয়ে বলা যাক- ১৯৭০ সালে কন্ট্রাক্ট লেবার(রেগুলেশন ও অ্যাবোলিশন) এ্যাক্টে ২০জন শ্রমিক ঠিকাদারের অধীনে কাজ করলে আইনী অধিকার পেতো।এই শ্রমকোডে সংখ্যাটা ৫০ করে দেওয়া হয়েছে।ফলে একজন কন্ট্রাকটর৪৯জন শ্রমিককে নিয়েকাজ করলে আইন তাকে ছুঁতেও পারবেনা।আর বিভিন্ন কোম্পানিতে&nbsp; ঠিকা শ্রমিকরা একটি নির্দিষ্ট প্রক্রিয়ায় কাজ করে,সেই সংখ&#x200d;্যাটা মাত্রাতিরিক্ত হয়না।উৎপাদন প্রক্রিয়ায় বিভিন্ন জায়গায় প্রধানতঃ নানান ধরনের ঠিকাদার কাজ করে। একজন ঠিকাদার নয়। সুতরাং নতুন লেবার কোডে বেশিরভাগ ঠিকা কর্মীকে&nbsp; শ্রম আইনের বাইরেও নিমে আসা হোলো। ফলতঃ কন্ট্রাকটর কিংবা মূল কর্তৃপক্ষ যথেচ্ছভাবে শ্রমিকদের ওপর আক্রমণ নামানোর চেস্টা করবে।</p>



<p>এই শ্রমকোডগুলিতে শ্রমিকদের ট্রেড ইউনিয়ন করার অর্থাৎ ধর্মঘট করার অধিকার সুকৌশলে কেড়ে নেবার চেস্টা হয়েছে।কেড়ে নেওয়া হয়েছে ছাঁটাই শ্রমিকদের পুনর্বহালের বিষয়টিও।কারখানার স্থায়ী শ্রমিক প্রথার অধিকার তুলে দেওয়ার পরিকল্পনা করা হয়েছে। শুধু ঠিকা শ্রমিক নয়,অন&#x200d;্য একটা বিরাট অংশের শ্রমিককেও লেবার আইনের আওতার&nbsp; বাইরে নিয়ে যাওয়া হয়েছে।উদাহরণ স্বরূপ বলা যায়, এই শ্রমকোডে ফ&#x200d;্যাক্টরীর সংজ্ঞাও পাল্টে দেওয়া হয়েছে।এতদিন ফ&#x200d;্যাক্টরীর সংজ্ঞা ছিল ‘যে প্রতিষ্ঠানে বিদ্যুৎ সহ ১০জন শ্রমিক কাজ করে,অথবা বিদ্যুৎহীন প্রতিষ্ঠানে ২০ জন শ্রমিক কাজ করলে তা ফ&#x200d;্যাক্টরীর মর্যাদা পাবে।এবং এই আইনের সুবিধা পাবে।কিন্তু শ্রমকোডে ফ&#x200d;্যাক্টরীর সংজ্ঞা বদলে শ্রমিক সংখ&#x200d;্যা পূর্বের আইনের দ্বিগুণ করা হয়েছে।অর্থাৎ যে কারখানাতে বিদ&#x200d;্যুৎ সহ ২০জন শ্রমিক কাজ করে তারা শ্রমিকের মর্যাদা পাবে।আর বিদ&#x200d;্যুৎহীন অবস্থাতে ৪০জন থাকতে লাগবে। এর ফলে বিপুল সংখ&#x200d;্যক শ্রমিকদের আইন স্বীকৃত কোনো সুবিধা থাকবেনা।এক কথায় , এক বিপুল সংখ্যক শ্রমিককে শ্রম আইনের বাইরে নিয়ে যাবে এই শ্রমকোড। এই কোড শ্রমিকদের টুকরো মানুষে পরিণত করবে, সংগ্রাম ও সংগঠন করার অধিকার কেড়ে নেওয়ার চেস্টা হচ্ছে। এই কোড বাতিলের লড়াই ছাড়া ,অন&#x200d;্য কোনো রাস্তা খোলা নেই এদেশের শ্রমিকশ্রেনীর কাছে।(চলবে)</p>



<p></p>
]]></content:encoded>
					
		
		
			</item>
	</channel>
</rss>
