<?xml version="1.0" encoding="UTF-8"?><rss version="2.0"
	xmlns:content="http://purl.org/rss/1.0/modules/content/"
	xmlns:dc="http://purl.org/dc/elements/1.1/"
	xmlns:atom="http://www.w3.org/2005/Atom"
	xmlns:sy="http://purl.org/rss/1.0/modules/syndication/"
	
	>
<channel>
	<title>
	Comments on: গাজা দখলের হুঙ্কার ট্রাম্পের- চাই দুনিয়া জুড়ে প্রতিবাদ	</title>
	<atom:link href="/%E0%A6%97%E0%A6%BE%E0%A6%9C%E0%A6%BE-%E0%A6%A6%E0%A6%96%E0%A6%B2%E0%A7%87%E0%A6%B0-%E0%A6%B9%E0%A7%81%E0%A6%99%E0%A7%8D%E0%A6%95%E0%A6%BE%E0%A6%B0-%E0%A6%9F%E0%A7%8D%E0%A6%B0%E0%A6%BE%E0%A6%AE/feed/" rel="self" type="application/rss+xml" />
	<link>/%e0%a6%97%e0%a6%be%e0%a6%9c%e0%a6%be-%e0%a6%a6%e0%a6%96%e0%a6%b2%e0%a7%87%e0%a6%b0-%e0%a6%b9%e0%a7%81%e0%a6%99%e0%a7%8d%e0%a6%95%e0%a6%be%e0%a6%b0-%e0%a6%9f%e0%a7%8d%e0%a6%b0%e0%a6%be%e0%a6%ae/</link>
	<description>শ্রমিক-দের নিজস্য পত্রিকা</description>
	<lastBuildDate>Wed, 05 Mar 2025 04:13:12 +0000</lastBuildDate>
	<sy:updatePeriod>
	hourly	</sy:updatePeriod>
	<sy:updateFrequency>
	1	</sy:updateFrequency>
	<generator>https://wordpress.org/?v=6.7.2</generator>
</channel>
</rss>
