<?xml version="1.0" encoding="UTF-8"?><rss version="2.0"
	xmlns:content="http://purl.org/rss/1.0/modules/content/"
	xmlns:wfw="http://wellformedweb.org/CommentAPI/"
	xmlns:dc="http://purl.org/dc/elements/1.1/"
	xmlns:atom="http://www.w3.org/2005/Atom"
	xmlns:sy="http://purl.org/rss/1.0/modules/syndication/"
	xmlns:slash="http://purl.org/rss/1.0/modules/slash/"
	>

<channel>
	<title>শ্রীধর &#8211; শ্রমিক-শক্তি</title>
	<atom:link href="/author/%E0%A6%B6%E0%A7%8D%E0%A6%B0%E0%A7%80%E0%A6%A7%E0%A6%B0/feed/" rel="self" type="application/rss+xml" />
	<link>/</link>
	<description>শ্রমিক-দের নিজস্য পত্রিকা</description>
	<lastBuildDate>Wed, 05 Mar 2025 04:14:11 +0000</lastBuildDate>
	<language>en-US</language>
	<sy:updatePeriod>
	hourly	</sy:updatePeriod>
	<sy:updateFrequency>
	1	</sy:updateFrequency>
	<generator>https://wordpress.org/?v=6.7.2</generator>
	<item>
		<title>আমেরিকার রাষ্ট্রক্ষমতায় আবার ট্রাম্প</title>
		<link>/%e0%a6%86%e0%a6%ae%e0%a7%87%e0%a6%b0%e0%a6%bf%e0%a6%95%e0%a6%be%e0%a6%b0-%e0%a6%b0%e0%a6%be%e0%a6%b7%e0%a7%8d%e0%a6%9f%e0%a7%8d%e0%a6%b0%e0%a6%95%e0%a7%8d%e0%a6%b7%e0%a6%ae%e0%a6%a4%e0%a6%be%e0%a6%af/</link>
		
		<dc:creator><![CDATA[শ্রীধর]]></dc:creator>
		<pubDate>Tue, 25 Feb 2025 02:45:00 +0000</pubDate>
				<category><![CDATA[Uncategorized]]></category>
		<guid isPermaLink="false">/?p=119</guid>

					<description><![CDATA[২০২৪ এ আমেরিকার রাষ্ট্রপতি নির্বাচনে বিপুল ব্যবধানে জয়ী হন ট্র্যাম্প । সংসদের দুই সদনেও রিপাবলিকানরা সংখ্যাগরিষ্ঠতা অর্জন করেছে । ২০০৮ এর অর্থনৈতিক সঙ্কটের পর বিভিন্ন দেশের মত আমেরিকাতেও ট্রাম্পের নেতৃত্বে সংঘবদ্ধ হয়েছে আমেরিকার অতি-দক্ষিনপন্থীরা । &#160;রাষ্ট্রপতি পদে&#160; শপথ গ্রহণের সময় ট্রাম্পকে এলন মাস্ক, জেফ বেজস, জুকেরবারগ, মুকেশ আম্বানি, সুন্দর পিচাই এর মত&#160; ধনকুবেরদের দ্বারা আবৃত [&#8230;]]]></description>
										<content:encoded><![CDATA[
<p>২০২৪ এ আমেরিকার রাষ্ট্রপতি নির্বাচনে বিপুল ব্যবধানে জয়ী হন ট্র্যাম্প । সংসদের দুই সদনেও রিপাবলিকানরা সংখ্যাগরিষ্ঠতা অর্জন করেছে । ২০০৮ এর অর্থনৈতিক সঙ্কটের পর বিভিন্ন দেশের মত আমেরিকাতেও ট্রাম্পের নেতৃত্বে সংঘবদ্ধ হয়েছে আমেরিকার অতি-দক্ষিনপন্থীরা ।</p>



<p>&nbsp;রাষ্ট্রপতি পদে&nbsp; শপথ গ্রহণের সময় ট্রাম্পকে এলন মাস্ক, জেফ বেজস, জুকেরবারগ, মুকেশ আম্বানি, সুন্দর পিচাই এর মত&nbsp; ধনকুবেরদের দ্বারা আবৃত থাকতে দেখা গেছে । এলন মাস্ককে সরকারের উপদেষ্টা পদে নিয়োগ করা হয়েছে । নির্বাচনের সময় ট্রাম্পের প্রচারে বিপুল অর্থপ্রদানই নয় সরাসরি তার হয়ে প্রচার করতে দেখা গেছে মাস্ককে । বোঝা যাচ্ছে যে পর্দার আড়াল থেকে নীতিনির্ধারণ নয়, নগ্নভাবেই নিজেদের স্বার্থে সরকারকে নিয়ন্ত্রন করতে চাইছে বিশ্বের হাতে গোনা কয়েকজন ধনকুবের । আমাদের দেশেও দেখা গেছে নির্বাচনী বন্ডের মাধ্যমে বিপুল পরিমাণ অর্থ কর্পোরেটরা দিয়েছে শাসক শ্রেণির দলগুলোকে । মূলধারার রাজনৈতিক দলগুলোর সঙ্গে শিল্পপতিদের আঁতাত আরও স্পষ্ট হয়েছে আমাদের কাছে । সামাজিক সুরক্ষা প্রকল্পগুলোতে আরও&nbsp; কাটছাঁট করা, বিভিন্ন উন্নয়নমূলক প্রকল্পে সরকারি ব্যয় হ্রাস, বাজারের উপর সরকারি নিয়ন্ত্রন আরও কমানোর মত পদক্ষেপ আগামীদিনে নেওয়া হবে তার পূর্বাভাস স্বয়ং ট্রাম্পই দিয়েছেন । বৈদেশিক মুদ্রা হিসাবে ডলারের একাধিপত্যের সুযোগে&nbsp; আমেরিকার সাম্রাজ্যবাদী প্রকল্পের স্বার্থে বিভিন্ন দেশের উপর অর্থনৈতিক অবরোধের হুঁশিয়ারি দেওয়া হচ্ছে । আন্তর্জাতিক কর্পোরেটদের মুনাফার স্বার্থে আমেরিকা সহ দুনিয়ার সাধারণ খেটে খাওয়া মানুষের উপর শোষণ আরও তীব্র হওয়ার আশঙ্কা আগামীদিনে ।&nbsp;</p>



<p>বিশ্বের অন্যান্য দক্ষিনপন্থী শক্তির মতই সমাজের বিভিন্ন অংশের মধ্যে মেরুকরনের প্রচেষ্টা চালাচ্ছে ট্রাম্প ও তার অনুগামীরা । ‘আমেরিকা ফার্স্ট’ প্রচারের মাধমে অন্য দেশ থেকে আগত মানুষদের উপর ঘৃণা, হিংসার ঘটনা ঘটে চলেছে । জন্মসূত্রে নাগরিকত্ব এর শতাব্দী প্রাচীন অধিকার কেড়ে নেওয়া হচ্ছে । কাজের সূত্রে আমেরিকায় পারি জমানো মানুষদের ফেরত পাঠানোর হুমকি দেওয়া হচ্ছে, অথচ এই মানুষগুলিই তাদের শ্রম দিয়ে আমেরিকা চালান । শ্বেতাঙ্গ শ্রেষ্ঠতার মত ভ্রান্ত প্রচারের মাধমে অশ্বেতাঙ্গ মানুষদের উপর আক্রমণ বাড়ছে ।ঐতিহাসিকভাবে বর্ণ, লিঙ্গ ও অন্যান্য পরিচিতির কারণে যারা শোষণের শিকার হয়েছেন তাদের যেটুকু আইনি অধিকার ছিল তা কেড়ে নেওয়ার চেষ্টা চলছে ।&nbsp;</p>



<p>বিশ্বজুড়ে জলবায়ু পরিবর্তনের আঁচ যখন দুনিয়ার প্রতিটি মানুষ উপলব্ধি করতে পারছেন, তখন ট্রাম্প প্যারিস জলবায়ু চুক্তি থেকে আমেরিকাকে সরিয়ে নিচ্ছেন, বলছেন আগামিদিনে আরও বেশি&nbsp; খনিজ তেল, গ্যাস খননের কাজ চলবে । শিল্পবিপ্লবের সুফল যুগ যুগ ধরে ভোগ করেছেন ইউরোপ, আমেরিকার কয়েকটি দেশের ধনীরা, অন্যদিকে জলবায়ু পরিবর্তনের ফলে উদ্ভূত খরা, বন্যা , ঘূর্ণিঝড়ের ফলে জীবন জীবিকা হারিয়েছেন আফ্রিকা, এশিয়া, ল্যাটিন আমেরিকার সংখ্যাগরিষ্ঠ জনগণ । এদের একটা অংশই আমেরিকায় পাড়ি জমান কাজের খোঁজে, এবং অবৈধ অভিবাসী তকমা পান, এবং অধিকারহীন মজুরের মত জীবন কাটান ।&nbsp;</p>



<p>দেশে দেশে&nbsp; অতি-দক্ষিনপন্থী শক্তির উত্থানে সমাজ জুড়ে তৈরি হওয়া সংঘর্ষের পরিস্থিতিতে সংখ্যালঘুদের উপর হিংসা বেড়েছে, মেহনতি&nbsp; জনগণের যেটুকু অধিকার ছিল তা সংকুচিত&nbsp; হয়েছে। লাভবান হয়েছে বিভিন্ন দেশের হাতেগোনা ধনীরাই । অতি-দক্ষিনপন্থী শক্তিগুলোর বিরুদ্ধে ঐক্যবদ্ধ মেহনতি জনতার লড়াকু সংগ্রাম ছাড়া খেটে খাওয়া মানুষের স্বার্থ সুরক্ষিত হতে পারে না।</p>



<p></p>
]]></content:encoded>
					
		
		
			</item>
	</channel>
</rss>
